YYMMDD_HHMMSS.ssssss, StsCarrier, StsOverdrive, StsVSWR, StsVolatge, StsRfIn, StsTemp, StsAGC, MeasuredFWD, MeasuredRFL, MeasuredVolts, MeasuredRfIn, measuredtemp, AGCSetPt, Attenuation, VSWRTripPt, StsCarrierPA1, StsOverdrivePA1, StsVSWRPA1, StsVolatgePA1, StsRfInPA1, StsTempPA1, StsCarrierPA2, StsOverdrivePA2, StsVSWRPA2, StsVolatgePA2, StsRfInPA2, StsTempPA2, MeasuredFWDPA1, MeasuredFWDPA2, MeasuredRFLPA1, MeasuredRFLPA2, MeasuredVoltsPA1, MeasuredVoltsPA2, MeasuredRfInPA1, MeasuredRfInPA2, measuredtempPA1, measuredtempPA2, MeasuredFnl1PA1, MeasuredFnl1PA2, MeasuredFnl2PA1, MeasuredFnl2PA2, MeasuredFnl3PA1, MeasuredFnl3PA2, MeasuredDrv1PA1, MeasuredDrv1PA2, CurrentDrv1, CurrentFnl1, CurrentFnl2, CurrentFnl3, MeasuredFWDWatts, 
201123_094555.484369, 1.0, 1.0, 1.0, 1.0, 1.0, 1.0, 1.0, 72.6, 0.0, 23.0, 193.0, 0.0, 100.0, 0.0, 8.0, 1.0, 1.0, 1.0, 1.0, 1.0, 1.0, 1.0, 1.0, 1.0, 1.0, 1.0, 1.0, 251.0, 6.0, 0.0, 0.0, 50.0, 50.0, 52.0, 42.0, 25.0, 26.0, 36.0, 33.2, 35.7, 33.9, 35.2, 32.7, 1.7, 1.5, nan, nan, nan, nan, 3630.0, 616.8 ms
201123_094556.453321, 1.0, 1.0, 1.0, 1.0, 1.0, 1.0, 1.0, 72.4, 0.0, 23.0, 193.0, 0.0, 100.0, 0.0, 8.0, 1.0, 1.0, 1.0, 1.0, 1.0, 1.0, 1.0, 1.0, 1.0, 1.0, 1.0, 1.0, 251.0, 7.0, 0.0, 0.0, 50.0, 50.0, 53.0, 42.0, 25.0, 26.0, 36.0, 33.2, 35.7, 33.9, 35.2, 32.7, 1.7, 1.5, nan, nan, nan, nan, 3620.0, 576.1 ms
201123_094557.417336, 1.0, 1.0, 1.0, 1.0, 1.0, 1.0, 1.0, 72.2, 0.0, 23.0, 193.0, 0.0, 100.0, 0.0, 8.0, 1.0, 1.0, 1.0, 1.0, 1.0, 1.0, 1.0, 1.0, 1.0, 1.0, 1.0, 1.0, 251.0, 6.0, 0.0, 0.0, 50.0, 50.0, 52.0, 42.0, 25.0, 26.0, 36.0, 33.2, 35.7, 33.9, 35.2, 32.7, 1.7, 1.5, nan, nan, nan, nan, 3610.0, 532.9 ms
201123_094558.468541, 1.0, 1.0, 1.0, 1.0, 1.0, 1.0, 1.0, 72.2, 0.0, 23.0, 193.0, 0.0, 100.0, 0.0, 8.0, 1.0, 1.0, 1.0, 1.0, 1.0, 1.0, 1.0, 1.0, 1.0, 1.0, 1.0, 1.0, 251.0, 6.0, 0.0, 0.0, 50.0, 50.0, 48.0, 42.0, 25.0, 26.0, 36.0, 33.2, 35.7, 33.9, 35.2, 32.7, 1.7, 1.5, nan, nan, nan, nan, 3610.0, 580.0 ms
201123_094559.432774, 1.0, 1.0, 1.0, 1.0, 1.0, 1.0, 1.0, 72.6, 0.0, 23.0, 193.0, 0.0, 100.0, 0.0, 8.0, 1.0, 1.0, 1.0, 1.0, 1.0, 1.0, 1.0, 1.0, 1.0, 1.0, 1.0, 1.0, 251.0, 7.0, 0.0, 0.0, 50.0, 50.0, 52.0, 42.0, 25.0, 26.0, 36.0, 33.2, 35.7, 33.9, 35.0, 32.7, 1.7, 1.5, nan, nan, nan, nan, 3630.0, 528.7 ms
201123_094600.491363, 1.0, 1.0, 1.0, 1.0, 1.0, 1.0, 1.0, 72.4, 0.0, 23.0, 193.0, 0.0, 100.0, 0.0, 8.0, 1.0, 1.0, 1.0, 1.0, 1.0, 1.0, 1.0, 1.0, 1.0, 1.0, 1.0, 1.0, 251.0, 6.0, 0.0, 0.0, 50.0, 50.0, 51.0, 42.0, 25.0, 26.0, 36.0, 33.2, 35.7, 33.9, 35.2, 32.7, 1.7, 1.5, nan, nan, nan, nan, 3620.0, 586.3 ms
201123_094601.542379, 1.0, 1.0, 1.0, 1.0, 1.0, 1.0, 1.0, 72.6, 0.0, 23.0, 193.0, 0.0, 100.0, 0.0, 8.0, 1.0, 1.0, 1.0, 1.0, 1.0, 1.0, 1.0, 1.0, 1.0, 1.0, 1.0, 1.0, 251.0, 7.0, 0.0, 0.0, 50.0, 50.0, 52.0, 42.0, 25.0, 26.0, 36.0, 33.2, 35.7, 33.9, 35.0, 32.7, 1.7, 1.5, nan, nan, nan, nan, 3630.0, 631.1 ms
201123_094602.498774, 1.0, 1.0, 1.0, 1.0, 1.0, 1.0, 1.0, 72.6, 0.0, 23.0, 193.0, 0.0, 100.0, 0.0, 8.0, 1.0, 1.0, 1.0, 1.0, 1.0, 1.0, 1.0, 1.0, 1.0, 1.0, 1.0, 1.0, 251.0, 7.0, 0.0, 0.0, 50.0, 50.0, 52.0, 42.0, 25.0, 26.0, 36.0, 33.2, 35.7, 33.9, 35.2, 32.7, 1.7, 1.5, nan, nan, nan, nan, 3630.0, 585.0 ms
201123_094603.459922, 1.0, 1.0, 1.0, 1.0, 1.0, 1.0, 1.0, 72.6, 0.0, 23.0, 193.0, 0.0, 100.0, 0.0, 8.0, 1.0, 1.0, 1.0, 1.0, 1.0, 1.0, 1.0, 1.0, 1.0, 1.0, 1.0, 1.0, 252.0, 7.0, 0.0, 0.0, 50.0, 50.0, 52.0, 42.0, 25.0, 26.0, 36.0, 33.2, 35.7, 34.0, 35.2, 32.7, 1.7, 1.5, nan, nan, nan, nan, 3630.0, 542.9 ms
201123_094604.419624, 1.0, 1.0, 1.0, 1.0, 1.0, 1.0, 1.0, 72.4, 0.0, 24.0, 193.0, 0.0, 100.0, 0.0, 8.0, 1.0, 1.0, 1.0, 1.0, 1.0, 1.0, 1.0, 1.0, 1.0, 1.0, 1.0, 1.0, 252.0, 7.0, 0.0, 0.0, 50.0, 50.0, 51.0, 42.0, 25.0, 26.0, 36.0, 33.2, 35.7, 33.9, 35.2, 32.7, 1.7, 1.5, nan, nan, nan, nan, 3620.0, 483.6 ms
201123_094605.484264, 1.0, 1.0, 1.0, 1.0, 1.0, 1.0, 1.0, 72.8, 0.0, 23.0, 193.0, 0.0, 100.0, 0.0, 8.0, 1.0, 1.0, 1.0, 1.0, 1.0, 1.0, 1.0, 1.0, 1.0, 1.0, 1.0, 1.0, 251.0, 6.0, 0.0, 0.0, 50.0, 50.0, 50.0, 42.0, 25.0, 26.0, 36.0, 33.2, 35.7, 34.0, 35.2, 32.7, 1.7, 1.5, nan, nan, nan, nan, 3640.0, 548.5 ms
201123_094606.443159, 1.0, 1.0, 1.0, 1.0, 1.0, 1.0, 1.0, 72.6, 0.0, 23.0, 193.0, 0.0, 100.0, 0.0, 8.0, 1.0, 1.0, 1.0, 1.0, 1.0, 1.0, 1.0, 1.0, 1.0, 1.0, 1.0, 1.0, 251.0, 7.0, 0.0, 0.0, 50.0, 50.0, 51.0, 44.0, 25.0, 26.0, 36.0, 33.2, 35.7, 34.0, 35.2, 32.7, 1.7, 1.5, nan, nan, nan, nan, 3630.0, 506.0 ms
201123_094607.507666, 1.0, 1.0, 1.0, 1.0, 1.0, 1.0, 1.0, 72.6, 0.0, 23.0, 193.0, 0.0, 100.0, 0.0, 8.0, 1.0, 1.0, 1.0, 1.0, 1.0, 1.0, 1.0, 1.0, 1.0, 1.0, 1.0, 1.0, 252.0, 7.0, 0.0, 0.0, 50.0, 50.0, 52.0, 42.0, 25.0, 26.0, 36.0, 33.2, 35.7, 33.9, 35.2, 32.7, 1.7, 1.5, nan, nan, nan, nan, 3630.0, 562.8 ms
201123_094608.570852, 1.0, 1.0, 1.0, 1.0, 1.0, 1.0, 1.0, 72.4, 0.0, 24.0, 193.0, 0.0, 100.0, 0.0, 8.0, 1.0, 1.0, 1.0, 1.0, 1.0, 1.0, 1.0, 1.0, 1.0, 1.0, 1.0, 1.0, 251.0, 6.0, 0.0, 0.0, 50.0, 50.0, 52.0, 41.0, 25.0, 26.0, 36.0, 33.2, 35.7, 33.9, 35.2, 32.7, 1.7, 1.5, nan, nan, nan, nan, 3620.0, 621.7 ms
201123_094609.431501, 1.0, 1.0, 1.0, 1.0, 1.0, 1.0, 1.0, 72.6, 0.0, 23.0, 193.0, 0.0, 100.0, 0.0, 8.0, 1.0, 1.0, 1.0, 1.0, 1.0, 1.0, 1.0, 1.0, 1.0, 1.0, 1.0, 1.0, 251.0, 6.0, 0.0, 0.0, 50.0, 50.0, 52.0, 41.0, 25.0, 26.0, 36.0, 33.2, 35.7, 33.9, 35.2, 32.7, 1.7, 1.5, nan, nan, nan, nan, 3630.0, 478.7 ms
201123_094610.597017, 1.0, 1.0, 1.0, 1.0, 1.0, 1.0, 1.0, 72.6, 0.0, 23.0, 193.0, 0.0, 100.0, 0.0, 8.0, 1.0, 1.0, 1.0, 1.0, 1.0, 1.0, 1.0, 1.0, 1.0, 1.0, 1.0, 1.0, 251.0, 6.0, 0.0, 0.0, 50.0, 50.0, 50.0, 42.0, 25.0, 26.0, 36.0, 33.2, 35.7, 33.9, 35.0, 32.7, 1.7, 1.5, nan, nan, nan, nan, 3630.0, 629.8 ms
201123_094611.453300, 1.0, 1.0, 1.0, 1.0, 1.0, 1.0, 1.0, 72.6, 0.0, 23.0, 193.0, 0.0, 100.0, 0.0, 8.0, 1.0, 1.0, 1.0, 1.0, 1.0, 1.0, 1.0, 1.0, 1.0, 1.0, 1.0, 1.0, 251.0, 6.0, 0.0, 0.0, 50.0, 50.0, 50.0, 40.0, 25.0, 26.0, 36.0, 33.2, 35.7, 34.0, 35.2, 32.7, 1.7, 1.5, nan, nan, nan, nan, 3630.0, 482.7 ms
201123_094612.620633, 1.0, 1.0, 1.0, 1.0, 1.0, 1.0, 1.0, 72.4, 0.0, 23.0, 193.0, 0.0, 100.0, 0.0, 8.0, 1.0, 1.0, 1.0, 1.0, 1.0, 1.0, 1.0, 1.0, 1.0, 1.0, 1.0, 1.0, 251.0, 7.0, 0.0, 0.0, 50.0, 50.0, 52.0, 43.0, 25.0, 26.0, 36.0, 33.2, 35.7, 34.0, 35.2, 32.7, 1.7, 1.5, nan, nan, nan, nan, 3620.0, 641.9 ms
201123_094613.555820, 1.0, 1.0, 1.0, 1.0, 1.0, 1.0, 1.0, 72.2, 0.0, 23.0, 193.0, 0.0, 100.0, 0.0, 8.0, 1.0, 1.0, 1.0, 1.0, 1.0, 1.0, 1.0, 1.0, 1.0, 1.0, 1.0, 1.0, 251.0, 7.0, 0.0, 0.0, 50.0, 50.0, 52.0, 42.0, 25.0, 26.0, 36.0, 33.2, 35.7, 34.0, 35.0, 32.7, 1.7, 1.5, nan, nan, nan, nan, 3610.0, 576.8 ms
201123_094614.543277, 1.0, 1.0, 1.0, 1.0, 1.0, 1.0, 1.0, 72.4, 0.0, 24.0, 193.0, 0.0, 100.0, 0.0, 8.0, 1.0, 1.0, 1.0, 1.0, 1.0, 1.0, 1.0, 1.0, 1.0, 1.0, 1.0, 1.0, 251.0, 7.0, 0.0, 0.0, 50.0, 50.0, 52.0, 42.0, 25.0, 26.0, 36.0, 33.2, 35.7, 34.0, 35.2, 32.7, 1.7, 1.5, nan, nan, nan, nan, 3620.0, 558.4 ms
201123_094615.687972, 1.0, 1.0, 1.0, 1.0, 1.0, 1.0, 1.0, 72.6, 0.0, 23.0, 193.0, 0.0, 100.0, 0.0, 8.0, 1.0, 1.0, 1.0, 1.0, 1.0, 1.0, 1.0, 1.0, 1.0, 1.0, 1.0, 1.0, 251.0, 7.0, 0.0, 0.0, 50.0, 50.0, 46.0, 39.0, 25.0, 26.0, 36.0, 33.2, 35.7, 34.0, 35.2, 32.7, 1.7, 1.5, nan, nan, nan, nan, 3630.0, 699.5 ms
201123_094616.565120, 1.0, 1.0, 1.0, 1.0, 1.0, 1.0, 1.0, 72.2, 0.0, 23.0, 193.0, 0.0, 100.0, 0.0, 8.0, 1.0, 1.0, 1.0, 1.0, 1.0, 1.0, 1.0, 1.0, 1.0, 1.0, 1.0, 1.0, 251.0, 7.0, 0.0, 0.0, 50.0, 50.0, 52.0, 42.0, 25.0, 26.0, 36.0, 33.2, 35.7, 34.0, 35.2, 32.7, 1.7, 1.5, nan, nan, nan, nan, 3610.0, 576.6 ms
201123_094617.523517, 1.0, 1.0, 1.0, 1.0, 1.0, 1.0, 1.0, 72.8, 0.0, 23.0, 193.0, 0.0, 100.0, 0.0, 8.0, 1.0, 1.0, 1.0, 1.0, 1.0, 1.0, 1.0, 1.0, 1.0, 1.0, 1.0, 1.0, 251.0, 7.0, 0.0, 0.0, 50.0, 50.0, 50.0, 42.0, 25.0, 26.0, 36.0, 33.2, 35.7, 34.0, 35.2, 32.7, 1.7, 1.5, nan, nan, nan, nan, 3640.0, 528.6 ms
201123_094618.592974, 1.0, 1.0, 1.0, 1.0, 1.0, 1.0, 1.0, 72.6, 0.0, 23.0, 193.0, 0.0, 100.0, 0.0, 8.0, 1.0, 1.0, 1.0, 1.0, 1.0, 1.0, 1.0, 1.0, 1.0, 1.0, 1.0, 1.0, 252.0, 7.0, 0.0, 0.0, 50.0, 50.0, 51.0, 43.0, 25.0, 26.0, 36.0, 33.2, 35.7, 34.0, 35.2, 32.7, 1.7, 1.5, nan, nan, nan, nan, 3630.0, 589.4 ms
201123_094619.551263, 1.0, 1.0, 1.0, 1.0, 1.0, 1.0, 1.0, 72.4, 0.0, 23.0, 193.0, 0.0, 100.0, 0.0, 8.0, 1.0, 1.0, 1.0, 1.0, 1.0, 1.0, 1.0, 1.0, 1.0, 1.0, 1.0, 1.0, 252.0, 7.0, 0.0, 0.0, 50.0, 50.0, 51.0, 41.0, 25.0, 26.0, 36.0, 33.2, 35.7, 34.0, 35.2, 32.7, 1.7, 1.5, nan, nan, nan, nan, 3620.0, 546.0 ms
201123_094620.508105, 1.0, 1.0, 1.0, 1.0, 1.0, 1.0, 1.0, 72.6, 0.0, 23.0, 193.0, 0.0, 100.0, 0.0, 8.0, 1.0, 1.0, 1.0, 1.0, 1.0, 1.0, 1.0, 1.0, 1.0, 1.0, 1.0, 1.0, 252.0, 7.0, 0.0, 0.0, 49.0, 50.0, 51.0, 42.0, 25.0, 26.0, 36.0, 33.2, 35.7, 33.9, 35.2, 32.7, 1.7, 1.5, nan, nan, nan, nan, 3630.0, 482.6 ms
201123_094621.571608, 1.0, 1.0, 1.0, 1.0, 1.0, 1.0, 1.0, 72.4, 0.0, 23.0, 193.0, 0.0, 100.0, 0.0, 8.0, 1.0, 1.0, 1.0, 1.0, 1.0, 1.0, 1.0, 1.0, 1.0, 1.0, 1.0, 1.0, 252.0, 6.0, 0.0, 0.0, 50.0, 50.0, 52.0, 41.0, 25.0, 26.0, 36.0, 33.2, 35.7, 34.0, 35.2, 32.7, 1.7, 1.5, nan, nan, nan, nan, 3620.0, 544.1 ms
201123_094622.636957, 1.0, 1.0, 1.0, 1.0, 1.0, 1.0, 1.0, 72.6, 0.0, 23.0, 193.0, 0.0, 100.0, 0.0, 8.0, 1.0, 1.0, 1.0, 1.0, 1.0, 1.0, 1.0, 1.0, 1.0, 1.0, 1.0, 1.0, 251.0, 7.0, 0.0, 0.0, 50.0, 50.0, 52.0, 41.0, 25.0, 26.0, 36.0, 33.2, 35.7, 34.0, 35.2, 32.7, 1.7, 1.5, nan, nan, nan, nan, 3630.0, 595.7 ms
201123_094623.597183, 1.0, 1.0, 1.0, 1.0, 1.0, 1.0, 1.0, 72.6, 0.0, 23.0, 193.0, 0.0, 100.0, 0.0, 8.0, 1.0, 1.0, 1.0, 1.0, 1.0, 1.0, 1.0, 1.0, 1.0, 1.0, 1.0, 1.0, 251.0, 7.0, 0.0, 0.0, 50.0, 50.0, 53.0, 42.0, 25.0, 26.0, 36.0, 33.2, 35.7, 33.9, 35.2, 32.7, 1.7, 1.5, nan, nan, nan, nan, 3630.0, 548.4 ms
201123_094624.552726, 1.0, 1.0, 1.0, 1.0, 1.0, 1.0, 1.0, 72.8, 0.0, 23.0, 193.0, 0.0, 100.0, 0.0, 8.0, 1.0, 1.0, 1.0, 1.0, 1.0, 1.0, 1.0, 1.0, 1.0, 1.0, 1.0, 1.0, 252.0, 7.0, 0.0, 0.0, 50.0, 50.0, 51.0, 43.0, 25.0, 26.0, 36.0, 33.2, 35.7, 34.0, 35.2, 32.7, 1.7, 1.5, nan, nan, nan, nan, 3640.0, 499.0 ms
201123_094625.618236, 1.0, 1.0, 1.0, 1.0, 1.0, 1.0, 1.0, 73.0, 0.0, 23.0, 193.0, 0.0, 100.0, 0.0, 8.0, 1.0, 1.0, 1.0, 1.0, 1.0, 1.0, 1.0, 1.0, 1.0, 1.0, 1.0, 1.0, 251.0, 7.0, 0.0, 0.0, 50.0, 50.0, 52.0, 42.0, 25.0, 26.0, 36.0, 33.2, 35.7, 33.9, 35.2, 32.7, 1.7, 1.5, nan, nan, nan, nan, 3650.0, 558.0 ms
201123_094626.576892, 1.0, 1.0, 1.0, 1.0, 1.0, 1.0, 1.0, 72.6, 0.0, 23.0, 193.0, 0.0, 100.0, 0.0, 8.0, 1.0, 1.0, 1.0, 1.0, 1.0, 1.0, 1.0, 1.0, 1.0, 1.0, 1.0, 1.0, 251.0, 7.0, 0.0, 0.0, 50.0, 50.0, 52.0, 42.0, 25.0, 26.0, 36.0, 33.2, 35.7, 33.9, 35.2, 32.7, 1.7, 1.5, nan, nan, nan, nan, 3630.0, 511.9 ms
201123_094627.643368, 1.0, 1.0, 1.0, 1.0, 1.0, 1.0, 1.0, 72.8, 0.0, 24.0, 193.0, 0.0, 100.0, 0.0, 8.0, 1.0, 1.0, 1.0, 1.0, 1.0, 1.0, 1.0, 1.0, 1.0, 1.0, 1.0, 1.0, 251.0, 7.0, 0.0, 0.0, 50.0, 50.0, 51.0, 42.0, 25.0, 26.0, 36.0, 33.2, 35.7, 34.0, 35.2, 32.7, 1.7, 1.5, nan, nan, nan, nan, 3640.0, 577.3 ms
201123_094628.604493, 1.0, 1.0, 1.0, 1.0, 1.0, 1.0, 1.0, 72.8, 0.0, 23.0, 193.0, 0.0, 100.0, 0.0, 8.0, 1.0, 1.0, 1.0, 1.0, 1.0, 1.0, 1.0, 1.0, 1.0, 1.0, 1.0, 1.0, 251.0, 7.0, 0.0, 0.0, 50.0, 50.0, 47.0, 42.0, 25.0, 26.0, 36.0, 33.2, 35.7, 33.9, 35.2, 32.7, 1.7, 1.5, nan, nan, nan, nan, 3640.0, 528.1 ms
201123_094629.671722, 1.0, 1.0, 1.0, 1.0, 1.0, 1.0, 1.0, 72.4, 0.0, 23.0, 193.0, 0.0, 100.0, 0.0, 8.0, 1.0, 1.0, 1.0, 1.0, 1.0, 1.0, 1.0, 1.0, 1.0, 1.0, 1.0, 1.0, 251.0, 6.0, 0.0, 0.0, 50.0, 50.0, 51.0, 43.0, 25.0, 26.0, 36.0, 33.2, 35.7, 33.9, 35.2, 32.7, 1.7, 1.5, nan, nan, nan, nan, 3620.0, 593.6 ms
201123_094630.629839, 1.0, 1.0, 1.0, 1.0, 1.0, 1.0, 1.0, 72.4, 0.0, 23.0, 193.0, 0.0, 100.0, 0.0, 8.0, 1.0, 1.0, 1.0, 1.0, 1.0, 1.0, 1.0, 1.0, 1.0, 1.0, 1.0, 1.0, 251.0, 6.0, 0.0, 0.0, 50.0, 50.0, 52.0, 42.0, 25.0, 26.0, 36.0, 33.2, 35.7, 34.0, 35.2, 32.7, 1.7, 1.5, nan, nan, nan, nan, 3620.0, 547.5 ms
201123_094631.592458, 1.0, 1.0, 1.0, 1.0, 1.0, 1.0, 1.0, 72.6, 0.0, 23.0, 193.0, 0.0, 100.0, 0.0, 8.0, 1.0, 1.0, 1.0, 1.0, 1.0, 1.0, 1.0, 1.0, 1.0, 1.0, 1.0, 1.0, 251.0, 7.0, 0.0, 0.0, 50.0, 50.0, 52.0, 43.0, 25.0, 26.0, 36.0, 33.2, 35.7, 34.0, 35.2, 32.7, 1.7, 1.5, nan, nan, nan, nan, 3630.0, 510.4 ms
201123_094632.655117, 1.0, 1.0, 1.0, 1.0, 1.0, 1.0, 1.0, 72.8, 0.0, 23.0, 193.0, 0.0, 100.0, 0.0, 8.0, 1.0, 1.0, 1.0, 1.0, 1.0, 1.0, 1.0, 1.0, 1.0, 1.0, 1.0, 1.0, 251.0, 7.0, 0.0, 0.0, 50.0, 50.0, 52.0, 43.0, 25.0, 26.0, 36.0, 33.2, 35.7, 34.0, 35.2, 32.7, 1.7, 1.5, nan, nan, nan, nan, 3640.0, 568.9 ms
201123_094633.617902, 1.0, 1.0, 1.0, 1.0, 1.0, 1.0, 1.0, 72.4, 0.0, 23.0, 193.0, 0.0, 100.0, 0.0, 8.0, 1.0, 1.0, 1.0, 1.0, 1.0, 1.0, 1.0, 1.0, 1.0, 1.0, 1.0, 1.0, 251.0, 6.0, 0.0, 0.0, 50.0, 50.0, 52.0, 42.0, 25.0, 26.0, 36.0, 33.2, 35.7, 34.0, 35.2, 32.7, 1.7, 1.5, nan, nan, nan, nan, 3620.0, 526.3 ms
201123_094634.575620, 1.0, 1.0, 1.0, 1.0, 1.0, 1.0, 1.0, 72.4, 0.0, 23.0, 193.0, 0.0, 100.0, 0.0, 8.0, 1.0, 1.0, 1.0, 1.0, 1.0, 1.0, 1.0, 1.0, 1.0, 1.0, 1.0, 1.0, 251.0, 7.0, 0.0, 0.0, 50.0, 50.0, 52.0, 42.0, 25.0, 26.0, 36.0, 33.2, 35.7, 33.9, 35.2, 32.7, 1.7, 1.5, nan, nan, nan, nan, 3620.0, 478.9 ms
201123_094635.641261, 1.0, 1.0, 1.0, 1.0, 1.0, 1.0, 1.0, 72.6, 0.0, 23.0, 193.0, 0.0, 100.0, 0.0, 8.0, 1.0, 1.0, 1.0, 1.0, 1.0, 1.0, 1.0, 1.0, 1.0, 1.0, 1.0, 1.0, 251.0, 7.0, 0.0, 0.0, 50.0, 49.0, 51.0, 41.0, 25.0, 26.0, 36.0, 33.2, 35.7, 34.0, 35.0, 32.7, 1.7, 1.5, nan, nan, nan, nan, 3630.0, 542.7 ms
201123_094636.709219, 1.0, 1.0, 1.0, 1.0, 1.0, 1.0, 1.0, 72.2, 0.0, 23.0, 193.0, 0.0, 100.0, 0.0, 8.0, 1.0, 1.0, 1.0, 1.0, 1.0, 1.0, 1.0, 1.0, 1.0, 1.0, 1.0, 1.0, 251.0, 7.0, 0.0, 0.0, 50.0, 50.0, 52.0, 42.0, 25.0, 26.0, 36.0, 33.2, 35.7, 33.9, 35.0, 32.7, 1.7, 1.5, nan, nan, nan, nan, 3610.0, 608.5 ms
201123_094637.668131, 1.0, 1.0, 1.0, 1.0, 1.0, 1.0, 1.0, 72.8, 0.0, 23.0, 193.0, 0.0, 100.0, 0.0, 8.0, 1.0, 1.0, 1.0, 1.0, 1.0, 1.0, 1.0, 1.0, 1.0, 1.0, 1.0, 1.0, 251.0, 7.0, 0.0, 0.0, 50.0, 49.0, 54.0, 43.0, 25.0, 26.0, 36.0, 33.2, 35.7, 33.9, 35.0, 32.7, 1.7, 1.5, nan, nan, nan, nan, 3640.0, 566.1 ms
201123_094638.626088, 1.0, 1.0, 1.0, 1.0, 1.0, 1.0, 1.0, 72.6, 0.0, 24.0, 193.0, 0.0, 100.0, 0.0, 8.0, 1.0, 1.0, 1.0, 1.0, 1.0, 1.0, 1.0, 1.0, 1.0, 1.0, 1.0, 1.0, 251.0, 7.0, 0.0, 0.0, 50.0, 50.0, 51.0, 42.0, 25.0, 26.0, 36.0, 33.2, 35.7, 34.0, 35.0, 32.7, 1.7, 1.5, nan, nan, nan, nan, 3630.0, 520.6 ms
201123_094639.775588, 1.0, 1.0, 1.0, 1.0, 1.0, 1.0, 1.0, 72.6, 0.0, 23.0, 193.0, 0.0, 100.0, 0.0, 8.0, 1.0, 1.0, 1.0, 1.0, 1.0, 1.0, 1.0, 1.0, 1.0, 1.0, 1.0, 1.0, 251.0, 7.0, 0.0, 0.0, 50.0, 49.0, 51.0, 42.0, 25.0, 26.0, 36.0, 33.2, 35.7, 34.0, 35.2, 32.7, 1.7, 1.5, nan, nan, nan, nan, 3630.0, 669.6 ms
201123_094640.653131, 1.0, 1.0, 1.0, 1.0, 1.0, 1.0, 1.0, 72.6, 0.0, 23.0, 193.0, 0.0, 100.0, 0.0, 8.0, 1.0, 1.0, 1.0, 1.0, 1.0, 1.0, 1.0, 1.0, 1.0, 1.0, 1.0, 1.0, 251.0, 7.0, 0.0, 0.0, 50.0, 50.0, 49.0, 42.0, 25.0, 26.0, 36.0, 33.2, 35.7, 34.0, 35.0, 32.7, 1.7, 1.5, nan, nan, nan, nan, 3630.0, 542.8 ms
201123_094641.611817, 1.0, 1.0, 1.0, 1.0, 1.0, 1.0, 1.0, 72.4, 0.0, 23.0, 193.0, 0.0, 100.0, 0.0, 8.0, 1.0, 1.0, 1.0, 1.0, 1.0, 1.0, 1.0, 1.0, 1.0, 1.0, 1.0, 1.0, 251.0, 7.0, 0.0, 0.0, 50.0, 50.0, 51.0, 39.0, 25.0, 26.0, 36.0, 33.2, 35.7, 34.0, 35.2, 32.7, 1.7, 1.5, nan, nan, nan, nan, 3620.0, 484.9 ms
201123_094642.676375, 1.0, 1.0, 1.0, 1.0, 1.0, 1.0, 1.0, 72.2, 0.0, 23.0, 193.0, 0.0, 100.0, 0.0, 8.0, 1.0, 1.0, 1.0, 1.0, 1.0, 1.0, 1.0, 1.0, 1.0, 1.0, 1.0, 1.0, 251.0, 6.0, 0.0, 0.0, 50.0, 50.0, 51.0, 41.0, 25.0, 26.0, 36.0, 33.2, 35.7, 33.9, 35.2, 32.7, 1.7, 1.5, nan, nan, nan, nan, 3610.0, 532.9 ms
201123_094643.632648, 1.0, 1.0, 1.0, 1.0, 1.0, 1.0, 1.0, 72.4, 0.0, 23.0, 193.0, 0.0, 100.0, 0.0, 8.0, 1.0, 1.0, 1.0, 1.0, 1.0, 1.0, 1.0, 1.0, 1.0, 1.0, 1.0, 1.0, 251.0, 6.0, 0.0, 0.0, 49.0, 50.0, 52.0, 43.0, 25.0, 26.0, 36.0, 33.2, 35.7, 33.9, 35.2, 32.7, 1.7, 1.5, nan, nan, nan, nan, 3620.0, 485.1 ms
201123_094644.698647, 1.0, 1.0, 1.0, 1.0, 1.0, 1.0, 1.0, 72.6, 0.0, 23.0, 193.0, 0.0, 100.0, 0.0, 8.0, 1.0, 1.0, 1.0, 1.0, 1.0, 1.0, 1.0, 1.0, 1.0, 1.0, 1.0, 1.0, 251.0, 7.0, 0.0, 0.0, 50.0, 50.0, 51.0, 42.0, 25.0, 26.0, 36.0, 33.2, 35.7, 33.9, 35.2, 32.7, 1.7, 1.5, nan, nan, nan, nan, 3630.0, 550.8 ms
201123_094645.659457, 1.0, 1.0, 1.0, 1.0, 1.0, 1.0, 1.0, 72.4, 0.0, 24.0, 193.0, 0.0, 100.0, 0.0, 8.0, 1.0, 1.0, 1.0, 1.0, 1.0, 1.0, 1.0, 1.0, 1.0, 1.0, 1.0, 1.0, 251.0, 6.0, 0.0, 0.0, 50.0, 50.0, 51.0, 43.0, 25.0, 26.0, 36.0, 33.2, 35.7, 33.9, 35.2, 32.7, 1.7, 1.5, nan, nan, nan, nan, 3620.0, 503.1 ms
201123_094646.723300, 1.0, 1.0, 1.0, 1.0, 1.0, 1.0, 1.0, 72.4, 0.0, 24.0, 193.0, 0.0, 100.0, 0.0, 8.0, 1.0, 1.0, 1.0, 1.0, 1.0, 1.0, 1.0, 1.0, 1.0, 1.0, 1.0, 1.0, 252.0, 6.0, 0.0, 0.0, 50.0, 50.0, 51.0, 39.0, 25.0, 26.0, 36.0, 33.2, 35.7, 33.9, 35.2, 32.7, 1.7, 1.5, nan, nan, nan, nan, 3620.0, 567.3 ms
201123_094647.684875, 1.0, 1.0, 1.0, 1.0, 1.0, 1.0, 1.0, 72.4, 0.0, 23.0, 193.0, 0.0, 100.0, 0.0, 8.0, 1.0, 1.0, 1.0, 1.0, 1.0, 1.0, 1.0, 1.0, 1.0, 1.0, 1.0, 1.0, 251.0, 6.0, 0.0, 0.0, 50.0, 50.0, 54.0, 39.0, 25.0, 26.0, 36.0, 33.2, 35.7, 33.9, 35.2, 32.7, 1.7, 1.5, nan, nan, nan, nan, 3620.0, 524.4 ms
201123_094648.642244, 1.0, 1.0, 1.0, 1.0, 1.0, 1.0, 1.0, 72.6, 0.0, 23.0, 193.0, 0.0, 100.0, 0.0, 8.0, 1.0, 1.0, 1.0, 1.0, 1.0, 1.0, 1.0, 1.0, 1.0, 1.0, 1.0, 1.0, 251.0, 6.0, 0.0, 0.0, 50.0, 50.0, 51.0, 39.0, 25.0, 26.0, 36.0, 33.2, 35.7, 33.9, 35.0, 32.7, 1.7, 1.5, nan, nan, nan, nan, 3630.0, 478.8 ms
201123_094649.815260, 1.0, 1.0, 1.0, 1.0, 1.0, 1.0, 1.0, 72.4, 0.0, 23.0, 193.0, 0.0, 100.0, 0.0, 8.0, 1.0, 1.0, 1.0, 1.0, 1.0, 1.0, 1.0, 1.0, 1.0, 1.0, 1.0, 1.0, 252.0, 6.0, 0.0, 0.0, 50.0, 50.0, 46.0, 40.0, 25.0, 26.0, 36.0, 33.2, 35.7, 33.9, 35.2, 32.7, 1.7, 1.5, nan, nan, nan, nan, 3620.0, 646.9 ms
201123_094650.668052, 1.0, 1.0, 1.0, 1.0, 1.0, 1.0, 1.0, 72.4, 0.0, 23.0, 193.0, 0.0, 100.0, 0.0, 8.0, 1.0, 1.0, 1.0, 1.0, 1.0, 1.0, 1.0, 1.0, 1.0, 1.0, 1.0, 1.0, 251.0, 6.0, 0.0, 0.0, 50.0, 50.0, 51.0, 40.0, 25.0, 26.0, 36.0, 33.2, 35.7, 33.9, 35.2, 32.7, 1.7, 1.5, nan, nan, nan, nan, 3620.0, 496.7 ms
201123_094651.735288, 1.0, 1.0, 1.0, 1.0, 1.0, 1.0, 1.0, 72.2, 0.0, 24.0, 193.0, 0.0, 100.0, 0.0, 8.0, 1.0, 1.0, 1.0, 1.0, 1.0, 1.0, 1.0, 1.0, 1.0, 1.0, 1.0, 1.0, 251.0, 6.0, 0.0, 0.0, 50.0, 50.0, 52.0, 43.0, 25.0, 26.0, 36.0, 33.2, 35.7, 33.9, 35.2, 32.7, 1.7, 1.5, nan, nan, nan, nan, 3610.0, 541.4 ms
201123_094652.808361, 1.0, 1.0, 1.0, 1.0, 1.0, 1.0, 1.0, 72.6, 0.0, 23.0, 193.0, 0.0, 100.0, 0.0, 8.0, 1.0, 1.0, 1.0, 1.0, 1.0, 1.0, 1.0, 1.0, 1.0, 1.0, 1.0, 1.0, 252.0, 6.0, 0.0, 0.0, 50.0, 50.0, 51.0, 43.0, 25.0, 26.0, 36.0, 33.2, 35.7, 33.9, 35.2, 32.7, 1.7, 1.5, nan, nan, nan, nan, 3630.0, 609.9 ms
201123_094653.753935, 1.0, 1.0, 1.0, 1.0, 1.0, 1.0, 1.0, 72.4, 0.0, 23.0, 193.0, 0.0, 100.0, 0.0, 8.0, 1.0, 1.0, 1.0, 1.0, 1.0, 1.0, 1.0, 1.0, 1.0, 1.0, 1.0, 1.0, 251.0, 6.0, 0.0, 0.0, 50.0, 50.0, 52.0, 44.0, 25.0, 26.0, 36.0, 33.2, 35.7, 33.9, 35.2, 32.7, 1.7, 1.5, nan, nan, nan, nan, 3620.0, 525.7 ms
201123_094654.718238, 1.0, 1.0, 1.0, 1.0, 1.0, 1.0, 1.0, 72.2, 0.0, 24.0, 193.0, 0.0, 100.0, 0.0, 8.0, 1.0, 1.0, 1.0, 1.0, 1.0, 1.0, 1.0, 1.0, 1.0, 1.0, 1.0, 1.0, 251.0, 7.0, 0.0, 0.0, 50.0, 50.0, 50.0, 43.0, 25.0, 26.0, 36.0, 33.2, 35.7, 33.9, 35.2, 32.7, 1.7, 1.5, nan, nan, nan, nan, 3610.0, 481.8 ms
201123_094655.780603, 1.0, 1.0, 1.0, 1.0, 1.0, 1.0, 1.0, 72.6, 0.0, 23.0, 193.0, 0.0, 100.0, 0.0, 8.0, 1.0, 1.0, 1.0, 1.0, 1.0, 1.0, 1.0, 1.0, 1.0, 1.0, 1.0, 1.0, 252.0, 7.0, 0.0, 0.0, 50.0, 50.0, 52.0, 42.0, 25.0, 26.0, 36.0, 33.2, 35.7, 33.9, 35.2, 32.7, 1.7, 1.5, nan, nan, nan, nan, 3630.0, 542.9 ms
201123_094656.924783, 1.0, 1.0, 1.0, 1.0, 1.0, 1.0, 1.0, 72.8, 0.0, 24.0, 193.0, 0.0, 100.0, 0.0, 8.0, 1.0, 1.0, 1.0, 1.0, 1.0, 1.0, 1.0, 1.0, 1.0, 1.0, 1.0, 1.0, 251.0, 7.0, 0.0, 0.0, 50.0, 50.0, 51.0, 42.0, 25.0, 26.0, 36.0, 33.2, 35.7, 33.9, 35.2, 32.7, 1.7, 1.5, nan, nan, nan, nan, 3640.0, 668.4 ms
201123_094657.804368, 1.0, 1.0, 1.0, 1.0, 1.0, 1.0, 1.0, 72.4, 0.0, 23.0, 193.0, 0.0, 100.0, 0.0, 8.0, 1.0, 1.0, 1.0, 1.0, 1.0, 1.0, 1.0, 1.0, 1.0, 1.0, 1.0, 1.0, 251.0, 6.0, 0.0, 0.0, 50.0, 50.0, 50.0, 43.0, 25.0, 26.0, 36.0, 33.2, 35.7, 33.9, 35.2, 32.7, 1.7, 1.5, nan, nan, nan, nan, 3620.0, 537.9 ms
201123_094658.866517, 1.0, 1.0, 1.0, 1.0, 1.0, 1.0, 1.0, 72.2, 0.0, 23.0, 193.0, 0.0, 100.0, 0.0, 8.0, 1.0, 1.0, 1.0, 1.0, 1.0, 1.0, 1.0, 1.0, 1.0, 1.0, 1.0, 1.0, 251.0, 6.0, 0.0, 0.0, 50.0, 50.0, 52.0, 42.0, 25.0, 26.0, 36.0, 33.2, 35.7, 33.9, 35.2, 32.7, 1.7, 1.5, nan, nan, nan, nan, 3610.0, 595.6 ms
201123_094659.826800, 1.0, 1.0, 1.0, 1.0, 1.0, 1.0, 1.0, 72.4, 0.0, 23.0, 193.0, 0.0, 100.0, 0.0, 8.0, 1.0, 1.0, 1.0, 1.0, 1.0, 1.0, 1.0, 1.0, 1.0, 1.0, 1.0, 1.0, 251.0, 6.0, 0.0, 0.0, 50.0, 50.0, 51.0, 42.0, 25.0, 26.0, 36.0, 33.2, 35.7, 33.9, 35.2, 32.7, 1.7, 1.5, nan, nan, nan, nan, 3620.0, 550.8 ms
201123_094700.783900, 1.0, 1.0, 1.0, 1.0, 1.0, 1.0, 1.0, 72.4, 0.0, 23.0, 193.0, 0.0, 100.0, 0.0, 8.0, 1.0, 1.0, 1.0, 1.0, 1.0, 1.0, 1.0, 1.0, 1.0, 1.0, 1.0, 1.0, 251.0, 6.0, 0.0, 0.0, 50.0, 50.0, 51.0, 42.0, 25.0, 26.0, 36.0, 33.2, 35.7, 33.9, 35.2, 32.7, 1.7, 1.5, nan, nan, nan, nan, 3620.0, 502.9 ms
201123_094701.848495, 1.0, 1.0, 1.0, 1.0, 1.0, 1.0, 1.0, 72.4, 0.0, 23.0, 193.0, 0.0, 100.0, 0.0, 8.0, 1.0, 1.0, 1.0, 1.0, 1.0, 1.0, 1.0, 1.0, 1.0, 1.0, 1.0, 1.0, 251.0, 6.0, 0.0, 0.0, 50.0, 49.0, 51.0, 41.0, 25.0, 26.0, 36.0, 33.2, 35.7, 33.9, 35.2, 32.7, 1.7, 1.5, nan, nan, nan, nan, 3620.0, 566.9 ms
201123_094702.814368, 1.0, 1.0, 1.0, 1.0, 1.0, 1.0, 1.0, 72.4, 0.0, 23.0, 192.0, 0.0, 100.0, 0.0, 8.0, 1.0, 1.0, 1.0, 1.0, 1.0, 1.0, 1.0, 1.0, 1.0, 1.0, 1.0, 1.0, 251.0, 6.0, 0.0, 0.0, 50.0, 50.0, 51.0, 42.0, 25.0, 26.0, 36.0, 33.2, 35.7, 33.9, 35.2, 32.7, 1.7, 1.5, nan, nan, nan, nan, 3620.0, 508.8 ms
201123_094703.874178, 1.0, 1.0, 1.0, 1.0, 1.0, 1.0, 1.0, 72.6, 0.0, 23.0, 193.0, 0.0, 100.0, 0.0, 8.0, 1.0, 1.0, 1.0, 1.0, 1.0, 1.0, 1.0, 1.0, 1.0, 1.0, 1.0, 1.0, 251.0, 7.0, 0.0, 0.0, 50.0, 49.0, 50.0, 42.0, 25.0, 26.0, 36.0, 33.2, 35.7, 33.9, 35.2, 32.7, 1.7, 1.5, nan, nan, nan, nan, 3630.0, 570.0 ms
201123_094704.900497, 1.0, 1.0, 1.0, 1.0, 1.0, 1.0, 1.0, 72.2, 0.0, 23.0, 193.0, 0.0, 100.0, 0.0, 8.0, 1.0, 1.0, 1.0, 1.0, 1.0, 1.0, 1.0, 1.0, 1.0, 1.0, 1.0, 1.0, 251.0, 6.0, 0.0, 0.0, 50.0, 50.0, 52.0, 44.0, 25.0, 26.0, 36.0, 33.2, 35.7, 33.9, 35.2, 32.7, 1.7, 1.5, nan, nan, nan, nan, 3610.0, 611.9 ms
201123_094705.790938, 1.0, 1.0, 1.0, 1.0, 1.0, 1.0, 1.0, 72.6, 0.0, 24.0, 193.0, 0.0, 100.0, 0.0, 8.0, 1.0, 1.0, 1.0, 1.0, 1.0, 1.0, 1.0, 1.0, 1.0, 1.0, 1.0, 1.0, 251.0, 7.0, 0.0, 0.0, 50.0, 49.0, 52.0, 43.0, 25.0, 26.0, 36.0, 33.2, 35.7, 33.9, 35.2, 32.7, 1.7, 1.5, nan, nan, nan, nan, 3630.0, 473.4 ms
201123_094706.854204, 1.0, 1.0, 1.0, 1.0, 1.0, 1.0, 1.0, 72.6, 0.0, 23.0, 193.0, 0.0, 100.0, 0.0, 8.0, 1.0, 1.0, 1.0, 1.0, 1.0, 1.0, 1.0, 1.0, 1.0, 1.0, 1.0, 1.0, 251.0, 6.0, 0.0, 0.0, 49.0, 50.0, 52.0, 42.0, 25.0, 26.0, 36.0, 33.2, 35.7, 34.0, 35.2, 32.7, 1.7, 1.5, nan, nan, nan, nan, 3630.0, 530.7 ms
201123_094707.815324, 1.0, 1.0, 1.0, 1.0, 1.0, 1.0, 1.0, 72.4, 0.0, 23.0, 193.0, 0.0, 100.0, 0.0, 8.0, 1.0, 1.0, 1.0, 1.0, 1.0, 1.0, 1.0, 1.0, 1.0, 1.0, 1.0, 1.0, 251.0, 6.0, 0.0, 0.0, 50.0, 49.0, 51.0, 42.0, 25.0, 26.0, 36.0, 33.2, 35.7, 33.9, 35.0, 32.7, 1.7, 1.5, nan, nan, nan, nan, 3620.0, 487.4 ms
201123_094708.879626, 1.0, 1.0, 1.0, 1.0, 1.0, 1.0, 1.0, 72.6, 0.0, 24.0, 193.0, 0.0, 100.0, 0.0, 8.0, 1.0, 1.0, 1.0, 1.0, 1.0, 1.0, 1.0, 1.0, 1.0, 1.0, 1.0, 1.0, 251.0, 6.0, 0.0, 0.0, 50.0, 50.0, 52.0, 42.0, 25.0, 26.0, 36.0, 33.2, 35.7, 33.9, 35.0, 32.7, 1.7, 1.5, nan, nan, nan, nan, 3630.0, 547.1 ms
201123_094709.842445, 1.0, 1.0, 1.0, 1.0, 1.0, 1.0, 1.0, 72.2, 0.0, 23.0, 193.0, 0.0, 100.0, 0.0, 8.0, 1.0, 1.0, 1.0, 1.0, 1.0, 1.0, 1.0, 1.0, 1.0, 1.0, 1.0, 1.0, 251.0, 7.0, 0.0, 0.0, 50.0, 50.0, 52.0, 42.0, 25.0, 26.0, 36.0, 33.2, 35.7, 33.9, 35.0, 32.7, 1.7, 1.5, nan, nan, nan, nan, 3610.0, 495.1 ms
201123_094710.904865, 1.0, 1.0, 1.0, 1.0, 1.0, 1.0, 1.0, 72.6, 0.0, 23.0, 193.0, 0.0, 100.0, 0.0, 8.0, 1.0, 1.0, 1.0, 1.0, 1.0, 1.0, 1.0, 1.0, 1.0, 1.0, 1.0, 1.0, 251.0, 6.0, 0.0, 0.0, 50.0, 50.0, 51.0, 42.0, 25.0, 26.0, 36.0, 33.2, 35.7, 33.9, 35.0, 32.7, 1.7, 1.5, nan, nan, nan, nan, 3630.0, 544.3 ms
201123_094711.860903, 1.0, 1.0, 1.0, 1.0, 1.0, 1.0, 1.0, 72.4, 0.0, 23.0, 193.0, 0.0, 100.0, 0.0, 8.0, 1.0, 1.0, 1.0, 1.0, 1.0, 1.0, 1.0, 1.0, 1.0, 1.0, 1.0, 1.0, 251.0, 6.0, 0.0, 0.0, 50.0, 50.0, 52.0, 41.0, 25.0, 26.0, 36.0, 33.2, 35.7, 33.9, 35.0, 32.7, 1.7, 1.5, nan, nan, nan, nan, 3620.0, 494.6 ms
201123_094712.925251, 1.0, 1.0, 1.0, 1.0, 1.0, 1.0, 1.0, 72.4, 0.0, 24.0, 193.0, 0.0, 100.0, 0.0, 8.0, 1.0, 1.0, 1.0, 1.0, 1.0, 1.0, 1.0, 1.0, 1.0, 1.0, 1.0, 1.0, 251.0, 6.0, 0.0, 0.0, 50.0, 49.0, 51.0, 41.0, 25.0, 26.0, 36.0, 33.2, 35.7, 33.9, 35.2, 32.7, 1.7, 1.5, nan, nan, nan, nan, 3620.0, 555.4 ms
201123_094714.071635, 1.0, 1.0, 1.0, 1.0, 1.0, 1.0, 1.0, 72.4, 0.0, 23.0, 193.0, 0.0, 100.0, 0.0, 8.0, 1.0, 1.0, 1.0, 1.0, 1.0, 1.0, 1.0, 1.0, 1.0, 1.0, 1.0, 1.0, 251.0, 7.0, 0.0, 0.0, 50.0, 50.0, 52.0, 43.0, 25.0, 26.0, 36.0, 33.2, 35.7, 33.9, 35.0, 32.7, 1.7, 1.5, nan, nan, nan, nan, 3620.0, 689.6 ms
201123_094714.952859, 1.0, 1.0, 1.0, 1.0, 1.0, 1.0, 1.0, 72.0, 0.0, 23.0, 193.0, 0.0, 100.0, 0.0, 8.0, 1.0, 1.0, 1.0, 1.0, 1.0, 1.0, 1.0, 1.0, 1.0, 1.0, 1.0, 1.0, 251.0, 6.0, 0.0, 0.0, 50.0, 50.0, 49.0, 43.0, 25.0, 26.0, 36.0, 33.2, 35.7, 33.9, 35.2, 32.7, 1.7, 1.5, nan, nan, nan, nan, 3600.0, 570.8 ms
201123_094716.104716, 1.0, 1.0, 1.0, 1.0, 1.0, 1.0, 1.0, 72.0, 0.0, 23.0, 193.0, 0.0, 100.0, 0.0, 8.0, 1.0, 1.0, 1.0, 1.0, 1.0, 1.0, 1.0, 1.0, 1.0, 1.0, 1.0, 1.0, 251.0, 6.0, 0.0, 0.0, 50.0, 50.0, 51.0, 42.0, 25.0, 26.0, 36.0, 33.2, 35.7, 33.9, 35.0, 32.7, 1.7, 1.5, nan, nan, nan, nan, 3600.0, 714.9 ms
201123_094716.983050, 1.0, 1.0, 1.0, 1.0, 1.0, 1.0, 1.0, 72.4, 0.0, 23.0, 193.0, 0.0, 100.0, 0.0, 8.0, 1.0, 1.0, 1.0, 1.0, 1.0, 1.0, 1.0, 1.0, 1.0, 1.0, 1.0, 1.0, 251.0, 6.0, 0.0, 0.0, 50.0, 50.0, 51.0, 42.0, 25.0, 26.0, 36.0, 33.2, 35.7, 33.9, 35.0, 32.7, 1.7, 1.5, nan, nan, nan, nan, 3620.0, 581.7 ms
201123_094717.941888, 1.0, 1.0, 1.0, 1.0, 1.0, 1.0, 1.0, 72.4, 0.0, 23.0, 193.0, 0.0, 100.0, 0.0, 8.0, 1.0, 1.0, 1.0, 1.0, 1.0, 1.0, 1.0, 1.0, 1.0, 1.0, 1.0, 1.0, 251.0, 6.0, 0.0, 0.0, 50.0, 50.0, 52.0, 43.0, 25.0, 26.0, 36.0, 33.2, 35.7, 33.9, 35.0, 32.7, 1.7, 1.5, nan, nan, nan, nan, 3620.0, 526.2 ms
201123_094718.900187, 1.0, 1.0, 1.0, 1.0, 1.0, 1.0, 1.0, 72.2, 0.0, 23.0, 193.0, 0.0, 100.0, 0.0, 8.0, 1.0, 1.0, 1.0, 1.0, 1.0, 1.0, 1.0, 1.0, 1.0, 1.0, 1.0, 1.0, 251.0, 6.0, 0.0, 0.0, 50.0, 50.0, 52.0, 43.0, 25.0, 26.0, 36.0, 33.2, 35.7, 33.9, 35.2, 32.7, 1.7, 1.5, nan, nan, nan, nan, 3610.0, 475.3 ms
201123_094719.964692, 1.0, 1.0, 1.0, 1.0, 1.0, 1.0, 1.0, 72.4, 0.0, 23.0, 193.0, 0.0, 100.0, 0.0, 8.0, 1.0, 1.0, 1.0, 1.0, 1.0, 1.0, 1.0, 1.0, 1.0, 1.0, 1.0, 1.0, 251.0, 6.0, 0.0, 0.0, 49.0, 50.0, 51.0, 43.0, 25.0, 26.0, 36.0, 33.2, 35.7, 33.9, 35.0, 32.7, 1.7, 1.5, nan, nan, nan, nan, 3620.0, 522.0 ms
201123_094720.924375, 1.0, 1.0, 1.0, 1.0, 1.0, 1.0, 1.0, 72.2, 0.0, 23.0, 193.0, 0.0, 100.0, 0.0, 8.0, 1.0, 1.0, 1.0, 1.0, 1.0, 1.0, 1.0, 1.0, 1.0, 1.0, 1.0, 1.0, 251.0, 6.0, 0.0, 0.0, 50.0, 50.0, 51.0, 41.0, 25.0, 26.0, 36.0, 33.2, 35.7, 33.9, 35.0, 32.7, 1.7, 1.5, nan, nan, nan, nan, 3610.0, 472.9 ms
201123_094722.092921, 1.0, 1.0, 1.0, 1.0, 1.0, 1.0, 1.0, 72.6, 0.0, 24.0, 193.0, 0.0, 100.0, 0.0, 8.0, 1.0, 1.0, 1.0, 1.0, 1.0, 1.0, 1.0, 1.0, 1.0, 1.0, 1.0, 1.0, 251.0, 6.0, 0.0, 0.0, 50.0, 50.0, 52.0, 42.0, 25.0, 26.0, 36.0, 33.0, 35.7, 33.7, 35.0, 32.7, 1.7, 1.5, nan, nan, nan, nan, 3630.0, 627.7 ms
201123_094722.946079, 1.0, 1.0, 1.0, 1.0, 1.0, 1.0, 1.0, 72.2, 0.0, 23.0, 193.0, 0.0, 100.0, 0.0, 8.0, 1.0, 1.0, 1.0, 1.0, 1.0, 1.0, 1.0, 1.0, 1.0, 1.0, 1.0, 1.0, 251.0, 6.0, 0.0, 0.0, 50.0, 50.0, 51.0, 42.0, 25.0, 26.0, 36.0, 33.2, 35.7, 33.9, 35.0, 32.7, 1.7, 1.5, nan, nan, nan, nan, 3610.0, 477.1 ms
201123_094724.009201, 1.0, 1.0, 1.0, 1.0, 1.0, 1.0, 1.0, 72.4, 0.0, 23.0, 193.0, 0.0, 100.0, 0.0, 8.0, 1.0, 1.0, 1.0, 1.0, 1.0, 1.0, 1.0, 1.0, 1.0, 1.0, 1.0, 1.0, 251.0, 6.0, 0.0, 0.0, 50.0, 50.0, 52.0, 42.0, 25.0, 26.0, 36.0, 33.0, 35.7, 33.7, 35.2, 32.7, 1.7, 1.5, nan, nan, nan, nan, 3620.0, 539.5 ms
201123_094724.971245, 1.0, 1.0, 1.0, 1.0, 1.0, 1.0, 1.0, 72.0, 0.0, 23.0, 193.0, 0.0, 100.0, 0.0, 8.0, 1.0, 1.0, 1.0, 1.0, 1.0, 1.0, 1.0, 1.0, 1.0, 1.0, 1.0, 1.0, 251.0, 6.0, 0.0, 0.0, 50.0, 50.0, 50.0, 42.0, 25.0, 26.0, 36.0, 33.0, 35.7, 33.7, 35.2, 32.7, 1.7, 1.5, nan, nan, nan, nan, 3600.0, 503.9 ms
201123_094726.035963, 1.0, 1.0, 1.0, 1.0, 1.0, 1.0, 1.0, 72.4, 0.0, 23.0, 193.0, 0.0, 100.0, 0.0, 8.0, 1.0, 1.0, 1.0, 1.0, 1.0, 1.0, 1.0, 1.0, 1.0, 1.0, 1.0, 1.0, 251.0, 6.0, 0.0, 0.0, 50.0, 50.0, 52.0, 42.0, 25.0, 26.0, 36.0, 33.2, 35.7, 33.9, 35.0, 32.7, 1.7, 1.5, nan, nan, nan, nan, 3620.0, 547.8 ms
201123_094727.099654, 1.0, 1.0, 1.0, 1.0, 1.0, 1.0, 1.0, 72.2, 0.0, 23.0, 193.0, 0.0, 100.0, 0.0, 8.0, 1.0, 1.0, 1.0, 1.0, 1.0, 1.0, 1.0, 1.0, 1.0, 1.0, 1.0, 1.0, 251.0, 6.0, 0.0, 0.0, 50.0, 50.0, 51.0, 43.0, 25.0, 26.0, 36.0, 33.0, 35.7, 33.9, 35.2, 32.7, 1.7, 1.5, nan, nan, nan, nan, 3610.0, 598.4 ms
201123_094728.059661, 1.0, 1.0, 1.0, 1.0, 1.0, 1.0, 1.0, 72.4, 0.0, 23.0, 193.0, 0.0, 100.0, 0.0, 8.0, 1.0, 1.0, 1.0, 1.0, 1.0, 1.0, 1.0, 1.0, 1.0, 1.0, 1.0, 1.0, 251.0, 6.0, 0.0, 0.0, 50.0, 50.0, 52.0, 39.0, 25.0, 26.0, 36.0, 33.2, 35.7, 33.9, 35.2, 32.7, 1.7, 1.5, nan, nan, nan, nan, 3620.0, 540.7 ms
201123_094729.018523, 1.0, 1.0, 1.0, 1.0, 1.0, 1.0, 1.0, 72.0, 0.0, 23.0, 193.0, 0.0, 100.0, 0.0, 8.0, 1.0, 1.0, 1.0, 1.0, 1.0, 1.0, 1.0, 1.0, 1.0, 1.0, 1.0, 1.0, 251.0, 6.0, 0.0, 0.0, 50.0, 50.0, 48.0, 41.0, 25.0, 26.0, 36.0, 33.2, 35.7, 33.9, 35.0, 32.7, 1.7, 1.5, nan, nan, nan, nan, 3600.0, 486.9 ms
201123_094730.082386, 1.0, 1.0, 1.0, 1.0, 1.0, 1.0, 1.0, 72.2, 0.0, 23.0, 193.0, 0.0, 100.0, 0.0, 8.0, 1.0, 1.0, 1.0, 1.0, 1.0, 1.0, 1.0, 1.0, 1.0, 1.0, 1.0, 1.0, 251.0, 6.0, 0.0, 0.0, 50.0, 50.0, 51.0, 42.0, 25.0, 26.0, 36.0, 33.2, 35.7, 33.9, 35.2, 32.7, 1.7, 1.5, nan, nan, nan, nan, 3610.0, 551.1 ms
201123_094731.230647, 1.0, 1.0, 1.0, 1.0, 1.0, 1.0, 1.0, 72.4, 0.0, 23.0, 193.0, 0.0, 100.0, 0.0, 8.0, 1.0, 1.0, 1.0, 1.0, 1.0, 1.0, 1.0, 1.0, 1.0, 1.0, 1.0, 1.0, 251.0, 6.0, 0.0, 0.0, 50.0, 50.0, 52.0, 42.0, 25.0, 26.0, 36.0, 33.2, 35.7, 33.9, 35.0, 32.7, 1.7, 1.5, nan, nan, nan, nan, 3620.0, 681.5 ms
201123_094732.110081, 1.0, 1.0, 1.0, 1.0, 1.0, 1.0, 1.0, 72.4, 0.0, 24.0, 193.0, 0.0, 100.0, 0.0, 8.0, 1.0, 1.0, 1.0, 1.0, 1.0, 1.0, 1.0, 1.0, 1.0, 1.0, 1.0, 1.0, 251.0, 6.0, 0.0, 0.0, 50.0, 50.0, 51.0, 42.0, 25.0, 26.0, 36.0, 33.2, 35.7, 33.9, 35.2, 32.7, 1.7, 1.5, nan, nan, nan, nan, 3620.0, 544.3 ms
201123_094733.255120, 1.0, 1.0, 1.0, 1.0, 1.0, 1.0, 1.0, 72.4, 0.0, 23.0, 193.0, 0.0, 100.0, 0.0, 8.0, 1.0, 1.0, 1.0, 1.0, 1.0, 1.0, 1.0, 1.0, 1.0, 1.0, 1.0, 1.0, 251.0, 6.0, 0.0, 0.0, 50.0, 50.0, 49.0, 43.0, 25.0, 26.0, 36.0, 33.0, 35.7, 33.7, 35.2, 32.7, 1.7, 1.5, nan, nan, nan, nan, 3620.0, 688.3 ms
201123_094734.136801, 1.0, 1.0, 1.0, 1.0, 1.0, 1.0, 1.0, 72.4, 0.0, 23.0, 193.0, 0.0, 100.0, 0.0, 8.0, 1.0, 1.0, 1.0, 1.0, 1.0, 1.0, 1.0, 1.0, 1.0, 1.0, 1.0, 1.0, 251.0, 6.0, 0.0, 0.0, 49.0, 49.0, 52.0, 42.0, 25.0, 26.0, 36.0, 33.2, 35.7, 33.9, 35.0, 32.7, 1.7, 1.5, nan, nan, nan, nan, 3620.0, 566.9 ms
201123_094735.282485, 1.0, 1.0, 1.0, 1.0, 1.0, 1.0, 1.0, 72.4, 0.0, 23.0, 193.0, 0.0, 100.0, 0.0, 8.0, 1.0, 1.0, 1.0, 1.0, 1.0, 1.0, 1.0, 1.0, 1.0, 1.0, 1.0, 1.0, 251.0, 6.0, 0.0, 0.0, 50.0, 50.0, 52.0, 42.0, 25.0, 26.0, 36.0, 33.0, 35.7, 33.7, 35.2, 32.7, 1.7, 1.5, nan, nan, nan, nan, 3620.0, 711.5 ms
201123_094737.222633, 1.0, 1.0, 1.0, 1.0, 1.0, 1.0, 1.0, 72.6, 0.0, 23.0, 193.0, 0.0, 100.0, 0.0, 8.0, 1.0, 1.0, 1.0, 1.0, 1.0, 1.0, 1.0, 1.0, 1.0, 1.0, 1.0, 1.0, 251.0, 6.0, 0.0, 0.0, 50.0, 50.0, 51.0, 43.0, 25.0, 26.0, 36.0, 33.2, 35.7, 33.9, 35.0, 32.7, 1.7, 1.5, nan, nan, nan, nan, 3630.0, 636.7 ms
201123_094738.369624, 1.0, 1.0, 1.0, 1.0, 1.0, 1.0, 1.0, 72.2, 0.0, 23.0, 193.0, 0.0, 100.0, 0.0, 8.0, 1.0, 1.0, 1.0, 1.0, 1.0, 1.0, 1.0, 1.0, 1.0, 1.0, 1.0, 1.0, 251.0, 6.0, 0.0, 0.0, 50.0, 50.0, 52.0, 43.0, 25.0, 26.0, 36.0, 33.2, 35.7, 33.9, 35.2, 32.7, 1.7, 1.5, nan, nan, nan, nan, 3610.0, 761.5 ms
201123_094739.234316, 1.0, 1.0, 1.0, 1.0, 1.0, 1.0, 1.0, 72.4, 0.0, 23.0, 193.0, 0.0, 100.0, 0.0, 8.0, 1.0, 1.0, 1.0, 1.0, 1.0, 1.0, 1.0, 1.0, 1.0, 1.0, 1.0, 1.0, 252.0, 6.0, 0.0, 0.0, 50.0, 49.0, 51.0, 43.0, 25.0, 26.0, 36.0, 33.2, 35.7, 33.9, 35.2, 32.7, 1.7, 1.5, nan, nan, nan, nan, 3620.0, 616.4 ms
201123_094740.194602, 1.0, 1.0, 1.0, 1.0, 1.0, 1.0, 1.0, 72.2, 0.0, 23.0, 193.0, 0.0, 100.0, 0.0, 8.0, 1.0, 1.0, 1.0, 1.0, 1.0, 1.0, 1.0, 1.0, 1.0, 1.0, 1.0, 1.0, 251.0, 6.0, 0.0, 0.0, 50.0, 50.0, 52.0, 42.0, 25.0, 26.0, 36.0, 33.2, 35.7, 33.9, 35.0, 32.7, 1.7, 1.5, nan, nan, nan, nan, 3610.0, 568.8 ms
201123_094741.259983, 1.0, 1.0, 1.0, 1.0, 1.0, 1.0, 1.0, 72.2, 0.0, 23.0, 193.0, 0.0, 100.0, 0.0, 8.0, 1.0, 1.0, 1.0, 1.0, 1.0, 1.0, 1.0, 1.0, 1.0, 1.0, 1.0, 1.0, 251.0, 6.0, 0.0, 0.0, 50.0, 50.0, 51.0, 43.0, 25.0, 26.0, 36.0, 33.2, 35.7, 33.9, 35.2, 32.7, 1.7, 1.5, nan, nan, nan, nan, 3610.0, 623.7 ms
201123_094742.222411, 1.0, 1.0, 1.0, 1.0, 1.0, 1.0, 1.0, 72.4, 0.0, 24.0, 193.0, 0.0, 100.0, 0.0, 8.0, 1.0, 1.0, 1.0, 1.0, 1.0, 1.0, 1.0, 1.0, 1.0, 1.0, 1.0, 1.0, 251.0, 6.0, 0.0, 0.0, 50.0, 50.0, 52.0, 42.0, 25.0, 26.0, 36.0, 33.2, 35.7, 33.9, 35.0, 32.7, 1.7, 1.5, nan, nan, nan, nan, 3620.0, 584.5 ms
201123_094743.284177, 1.0, 1.0, 1.0, 1.0, 1.0, 1.0, 1.0, 72.4, 0.0, 23.0, 193.0, 0.0, 100.0, 0.0, 8.0, 1.0, 1.0, 1.0, 1.0, 1.0, 1.0, 1.0, 1.0, 1.0, 1.0, 1.0, 1.0, 251.0, 6.0, 0.0, 0.0, 50.0, 50.0, 51.0, 42.0, 25.0, 26.0, 36.0, 33.2, 35.7, 33.9, 35.2, 32.7, 1.7, 1.5, nan, nan, nan, nan, 3620.0, 628.3 ms
201123_094744.243117, 1.0, 1.0, 1.0, 1.0, 1.0, 1.0, 1.0, 72.4, 0.0, 23.0, 192.0, 0.0, 100.0, 0.0, 8.0, 1.0, 1.0, 1.0, 1.0, 1.0, 1.0, 1.0, 1.0, 1.0, 1.0, 1.0, 1.0, 251.0, 6.0, 0.0, 0.0, 50.0, 50.0, 49.0, 42.0, 25.0, 26.0, 36.0, 33.0, 35.7, 33.9, 35.2, 32.7, 1.7, 1.5, nan, nan, nan, nan, 3620.0, 579.1 ms
201123_094745.206409, 1.0, 1.0, 1.0, 1.0, 1.0, 1.0, 1.0, 72.2, 0.0, 23.0, 193.0, 0.0, 100.0, 0.0, 8.0, 1.0, 1.0, 1.0, 1.0, 1.0, 1.0, 1.0, 1.0, 1.0, 1.0, 1.0, 1.0, 251.0, 6.0, 0.0, 0.0, 50.0, 50.0, 51.0, 39.0, 25.0, 26.0, 36.0, 33.2, 35.7, 33.9, 35.0, 32.7, 1.7, 1.5, nan, nan, nan, nan, 3610.0, 547.9 ms
201123_094746.356302, 1.0, 1.0, 1.0, 1.0, 1.0, 1.0, 1.0, 72.4, 0.0, 23.0, 193.0, 0.0, 100.0, 0.0, 8.0, 1.0, 1.0, 1.0, 1.0, 1.0, 1.0, 1.0, 1.0, 1.0, 1.0, 1.0, 1.0, 251.0, 6.0, 0.0, 0.0, 50.0, 49.0, 48.0, 40.0, 25.0, 26.0, 36.0, 33.2, 35.7, 33.9, 35.2, 32.7, 1.7, 1.5, nan, nan, nan, nan, 3620.0, 687.8 ms
201123_094747.205274, 1.0, 1.0, 1.0, 1.0, 1.0, 1.0, 1.0, 72.2, 0.0, 24.0, 193.0, 0.0, 100.0, 0.0, 8.0, 1.0, 1.0, 1.0, 1.0, 1.0, 1.0, 1.0, 1.0, 1.0, 1.0, 1.0, 1.0, 251.0, 6.0, 0.0, 0.0, 50.0, 49.0, 50.0, 43.0, 25.0, 26.0, 36.0, 33.2, 35.7, 33.9, 35.0, 32.7, 1.7, 1.5, nan, nan, nan, nan, 3610.0, 542.3 ms
201123_094748.376223, 1.0, 1.0, 1.0, 1.0, 1.0, 1.0, 1.0, 72.4, 0.0, 24.0, 193.0, 0.0, 100.0, 0.0, 8.0, 1.0, 1.0, 1.0, 1.0, 1.0, 1.0, 1.0, 1.0, 1.0, 1.0, 1.0, 1.0, 251.0, 6.0, 0.0, 0.0, 50.0, 50.0, 51.0, 42.0, 25.0, 26.0, 36.0, 33.2, 35.7, 33.9, 35.0, 32.7, 1.7, 1.5, nan, nan, nan, nan, 3620.0, 706.2 ms
201123_094749.264255, 1.0, 1.0, 1.0, 1.0, 1.0, 1.0, 1.0, 72.6, 0.0, 23.0, 193.0, 0.0, 100.0, 0.0, 8.0, 1.0, 1.0, 1.0, 1.0, 1.0, 1.0, 1.0, 1.0, 1.0, 1.0, 1.0, 1.0, 251.0, 6.0, 0.0, 0.0, 50.0, 50.0, 51.0, 42.0, 25.0, 26.0, 36.0, 33.2, 35.7, 33.9, 35.2, 32.7, 1.7, 1.5, nan, nan, nan, nan, 3630.0, 593.2 ms
201123_094750.222051, 1.0, 1.0, 1.0, 1.0, 1.0, 1.0, 1.0, 72.4, 0.0, 23.0, 193.0, 0.0, 100.0, 0.0, 8.0, 1.0, 1.0, 1.0, 1.0, 1.0, 1.0, 1.0, 1.0, 1.0, 1.0, 1.0, 1.0, 251.0, 7.0, 0.0, 0.0, 50.0, 50.0, 52.0, 42.0, 25.0, 26.0, 36.0, 33.2, 35.7, 33.9, 35.2, 32.7, 1.7, 1.5, nan, nan, nan, nan, 3620.0, 530.4 ms
201123_094751.286696, 1.0, 1.0, 1.0, 1.0, 1.0, 1.0, 1.0, 72.2, 0.0, 23.0, 193.0, 0.0, 100.0, 0.0, 8.0, 1.0, 1.0, 1.0, 1.0, 1.0, 1.0, 1.0, 1.0, 1.0, 1.0, 1.0, 1.0, 251.0, 6.0, 0.0, 0.0, 50.0, 50.0, 51.0, 42.0, 25.0, 26.0, 36.0, 33.2, 35.7, 33.9, 35.2, 32.7, 1.7, 1.5, nan, nan, nan, nan, 3610.0, 589.0 ms
201123_094752.245297, 1.0, 1.0, 1.0, 1.0, 1.0, 1.0, 1.0, 72.2, 0.0, 23.0, 193.0, 0.0, 100.0, 0.0, 8.0, 1.0, 1.0, 1.0, 1.0, 1.0, 1.0, 1.0, 1.0, 1.0, 1.0, 1.0, 1.0, 251.0, 6.0, 0.0, 0.0, 50.0, 50.0, 51.0, 41.0, 25.0, 26.0, 36.0, 33.0, 35.7, 33.7, 35.2, 32.7, 1.7, 1.5, nan, nan, nan, nan, 3610.0, 539.9 ms
201123_094753.391587, 1.0, 1.0, 1.0, 1.0, 1.0, 1.0, 1.0, 72.2, 0.0, 23.0, 193.0, 0.0, 100.0, 0.0, 8.0, 1.0, 1.0, 1.0, 1.0, 1.0, 1.0, 1.0, 1.0, 1.0, 1.0, 1.0, 1.0, 251.0, 6.0, 0.0, 0.0, 50.0, 50.0, 51.0, 41.0, 25.0, 26.0, 36.0, 33.2, 35.7, 33.9, 35.2, 32.7, 1.7, 1.5, nan, nan, nan, nan, 3610.0, 671.6 ms
201123_094754.359484, 1.0, 1.0, 1.0, 1.0, 1.0, 1.0, 1.0, 72.2, 0.0, 23.0, 193.0, 0.0, 100.0, 0.0, 8.0, 1.0, 1.0, 1.0, 1.0, 1.0, 1.0, 1.0, 1.0, 1.0, 1.0, 1.0, 1.0, 251.0, 6.0, 0.0, 0.0, 50.0, 50.0, 51.0, 42.0, 25.0, 26.0, 36.0, 33.0, 35.7, 33.7, 35.2, 32.7, 1.7, 1.5, nan, nan, nan, nan, 3610.0, 624.6 ms
201123_094755.344445, 1.0, 1.0, 1.0, 1.0, 1.0, 1.0, 1.0, 72.2, 0.0, 23.0, 193.0, 0.0, 100.0, 0.0, 8.0, 1.0, 1.0, 1.0, 1.0, 1.0, 1.0, 1.0, 1.0, 1.0, 1.0, 1.0, 1.0, 251.0, 6.0, 0.0, 0.0, 50.0, 50.0, 53.0, 43.0, 25.0, 26.0, 36.0, 33.0, 35.7, 33.7, 35.0, 32.7, 1.7, 1.5, nan, nan, nan, nan, 3610.0, 595.0 ms
201123_094756.306048, 1.0, 1.0, 1.0, 1.0, 1.0, 1.0, 1.0, 72.2, 0.0, 24.0, 193.0, 0.0, 100.0, 0.0, 8.0, 1.0, 1.0, 1.0, 1.0, 1.0, 1.0, 1.0, 1.0, 1.0, 1.0, 1.0, 1.0, 251.0, 6.0, 0.0, 0.0, 50.0, 50.0, 52.0, 43.0, 25.0, 26.0, 36.0, 33.0, 35.7, 33.7, 35.2, 32.7, 1.7, 1.5, nan, nan, nan, nan, 3610.0, 540.5 ms
201123_094757.259659, 1.0, 1.0, 1.0, 1.0, 1.0, 1.0, 1.0, 72.2, 0.0, 23.0, 193.0, 0.0, 100.0, 0.0, 8.0, 1.0, 1.0, 1.0, 1.0, 1.0, 1.0, 1.0, 1.0, 1.0, 1.0, 1.0, 1.0, 251.0, 6.0, 0.0, 0.0, 50.0, 50.0, 52.0, 42.0, 25.0, 26.0, 36.0, 33.0, 35.7, 33.7, 35.2, 32.7, 1.7, 1.5, nan, nan, nan, nan, 3610.0, 486.7 ms
201123_094758.327928, 1.0, 1.0, 1.0, 1.0, 1.0, 1.0, 1.0, 72.2, 0.0, 23.0, 193.0, 0.0, 100.0, 0.0, 8.0, 1.0, 1.0, 1.0, 1.0, 1.0, 1.0, 1.0, 1.0, 1.0, 1.0, 1.0, 1.0, 252.0, 6.0, 0.0, 0.0, 50.0, 50.0, 51.0, 42.0, 25.0, 26.0, 36.0, 33.0, 35.7, 33.7, 35.2, 32.7, 1.7, 1.5, nan, nan, nan, nan, 3610.0, 557.5 ms
201123_094759.470739, 1.0, 1.0, 1.0, 1.0, 1.0, 1.0, 1.0, 72.4, 0.0, 23.0, 193.0, 0.0, 100.0, 0.0, 8.0, 1.0, 1.0, 1.0, 1.0, 1.0, 1.0, 1.0, 1.0, 1.0, 1.0, 1.0, 1.0, 251.0, 6.0, 0.0, 0.0, 50.0, 50.0, 51.0, 41.0, 25.0, 26.0, 36.0, 33.0, 35.7, 33.7, 35.2, 32.7, 1.7, 1.5, nan, nan, nan, nan, 3620.0, 683.6 ms
201123_094800.419363, 1.0, 1.0, 1.0, 1.0, 1.0, 1.0, 1.0, 72.6, 0.0, 23.0, 193.0, 0.0, 100.0, 0.0, 8.0, 1.0, 1.0, 1.0, 1.0, 1.0, 1.0, 1.0, 1.0, 1.0, 1.0, 1.0, 1.0, 251.0, 6.0, 0.0, 0.0, 50.0, 50.0, 48.0, 41.0, 25.0, 26.0, 36.0, 33.0, 35.7, 33.7, 35.2, 32.7, 1.7, 1.5, nan, nan, nan, nan, 3630.0, 633.3 ms
201123_094801.416370, 1.0, 1.0, 1.0, 1.0, 1.0, 1.0, 1.0, 72.4, 0.0, 23.0, 193.0, 0.0, 100.0, 0.0, 8.0, 1.0, 1.0, 1.0, 1.0, 1.0, 1.0, 1.0, 1.0, 1.0, 1.0, 1.0, 1.0, 252.0, 6.0, 0.0, 0.0, 50.0, 50.0, 52.0, 39.0, 25.0, 26.0, 36.0, 33.2, 35.7, 33.9, 35.2, 32.7, 1.7, 1.5, nan, nan, nan, nan, 3620.0, 607.9 ms
201123_094802.379281, 1.0, 1.0, 1.0, 1.0, 1.0, 1.0, 1.0, 72.0, 0.0, 23.0, 193.0, 0.0, 100.0, 0.0, 8.0, 1.0, 1.0, 1.0, 1.0, 1.0, 1.0, 1.0, 1.0, 1.0, 1.0, 1.0, 1.0, 251.0, 6.0, 0.0, 0.0, 50.0, 50.0, 52.0, 42.0, 25.0, 26.0, 36.0, 33.2, 35.7, 33.9, 35.2, 32.7, 1.7, 1.5, nan, nan, nan, nan, 3600.0, 555.1 ms
201123_094803.438517, 1.0, 1.0, 1.0, 1.0, 1.0, 1.0, 1.0, 72.2, 0.0, 23.0, 193.0, 0.0, 100.0, 0.0, 8.0, 1.0, 1.0, 1.0, 1.0, 1.0, 1.0, 1.0, 1.0, 1.0, 1.0, 1.0, 1.0, 251.0, 6.0, 0.0, 0.0, 50.0, 50.0, 52.0, 43.0, 25.0, 26.0, 36.0, 33.0, 35.7, 33.7, 35.2, 32.7, 1.7, 1.5, nan, nan, nan, nan, 3610.0, 609.7 ms
201123_094804.406427, 1.0, 1.0, 1.0, 1.0, 1.0, 1.0, 1.0, 72.2, 0.0, 23.0, 193.0, 0.0, 100.0, 0.0, 8.0, 1.0, 1.0, 1.0, 1.0, 1.0, 1.0, 1.0, 1.0, 1.0, 1.0, 1.0, 1.0, 251.0, 6.0, 0.0, 0.0, 50.0, 50.0, 51.0, 42.0, 25.0, 26.0, 36.0, 33.0, 35.7, 33.7, 35.0, 32.7, 1.7, 1.5, nan, nan, nan, nan, 3610.0, 562.5 ms
201123_094805.367304, 1.0, 1.0, 1.0, 1.0, 1.0, 1.0, 1.0, 72.2, 0.0, 23.0, 193.0, 0.0, 100.0, 0.0, 8.0, 1.0, 1.0, 1.0, 1.0, 1.0, 1.0, 1.0, 1.0, 1.0, 1.0, 1.0, 1.0, 251.0, 6.0, 0.0, 0.0, 50.0, 50.0, 51.0, 42.0, 25.0, 26.0, 36.0, 33.2, 35.7, 33.9, 35.0, 32.7, 1.7, 1.5, nan, nan, nan, nan, 3610.0, 516.4 ms
201123_094806.505714, 1.0, 1.0, 1.0, 1.0, 1.0, 1.0, 1.0, 72.2, 0.0, 23.0, 193.0, 0.0, 100.0, 0.0, 8.0, 1.0, 1.0, 1.0, 1.0, 1.0, 1.0, 1.0, 1.0, 1.0, 1.0, 1.0, 1.0, 251.0, 6.0, 0.0, 0.0, 50.0, 50.0, 51.0, 42.0, 25.0, 26.0, 36.0, 33.0, 35.7, 33.7, 35.0, 32.7, 1.7, 1.5, nan, nan, nan, nan, 3610.0, 635.5 ms
201123_094807.572662, 1.0, 1.0, 1.0, 1.0, 1.0, 1.0, 1.0, 72.2, 0.0, 24.0, 193.0, 0.0, 100.0, 0.0, 8.0, 1.0, 1.0, 1.0, 1.0, 1.0, 1.0, 1.0, 1.0, 1.0, 1.0, 1.0, 1.0, 251.0, 6.0, 0.0, 0.0, 50.0, 50.0, 51.0, 42.0, 25.0, 26.0, 36.0, 33.2, 35.7, 33.9, 35.0, 32.7, 1.7, 1.5, nan, nan, nan, nan, 3610.0, 708.3 ms
201123_094808.459191, 1.0, 1.0, 1.0, 1.0, 1.0, 1.0, 1.0, 72.0, 0.0, 24.0, 193.0, 0.0, 100.0, 0.0, 8.0, 1.0, 1.0, 1.0, 1.0, 1.0, 1.0, 1.0, 1.0, 1.0, 1.0, 1.0, 1.0, 251.0, 6.0, 0.0, 0.0, 50.0, 50.0, 51.0, 42.0, 25.0, 26.0, 36.0, 33.2, 35.7, 33.9, 35.2, 32.7, 1.7, 1.5, nan, nan, nan, nan, 3600.0, 578.6 ms
201123_094809.414454, 1.0, 1.0, 1.0, 1.0, 1.0, 1.0, 1.0, 72.2, 0.0, 24.0, 193.0, 0.0, 100.0, 0.0, 8.0, 1.0, 1.0, 1.0, 1.0, 1.0, 1.0, 1.0, 1.0, 1.0, 1.0, 1.0, 1.0, 251.0, 6.0, 0.0, 0.0, 50.0, 50.0, 53.0, 43.0, 25.0, 26.0, 36.0, 33.0, 35.7, 33.7, 35.0, 32.7, 1.7, 1.5, nan, nan, nan, nan, 3610.0, 526.1 ms
201123_094810.477754, 1.0, 1.0, 1.0, 1.0, 1.0, 1.0, 1.0, 72.6, 0.0, 24.0, 193.0, 0.0, 100.0, 0.0, 8.0, 1.0, 1.0, 1.0, 1.0, 1.0, 1.0, 1.0, 1.0, 1.0, 1.0, 1.0, 1.0, 251.0, 6.0, 0.0, 0.0, 50.0, 50.0, 52.0, 42.0, 25.0, 26.0, 36.0, 33.2, 35.7, 33.9, 35.2, 32.7, 1.7, 1.5, nan, nan, nan, nan, 3630.0, 575.4 ms
201123_094811.436319, 1.0, 1.0, 1.0, 1.0, 1.0, 1.0, 1.0, 72.4, 0.0, 24.0, 193.0, 0.0, 100.0, 0.0, 8.0, 1.0, 1.0, 1.0, 1.0, 1.0, 1.0, 1.0, 1.0, 1.0, 1.0, 1.0, 1.0, 251.0, 6.0, 0.0, 0.0, 50.0, 50.0, 52.0, 42.0, 25.0, 26.0, 36.0, 33.0, 35.7, 33.7, 35.2, 32.7, 1.7, 1.5, nan, nan, nan, nan, 3620.0, 531.9 ms
201123_094812.505170, 1.0, 1.0, 1.0, 1.0, 1.0, 1.0, 1.0, 72.4, 0.0, 23.0, 193.0, 0.0, 100.0, 0.0, 8.0, 1.0, 1.0, 1.0, 1.0, 1.0, 1.0, 1.0, 1.0, 1.0, 1.0, 1.0, 1.0, 251.0, 6.0, 0.0, 0.0, 50.0, 49.0, 53.0, 42.0, 25.0, 26.0, 36.0, 33.0, 35.7, 33.7, 35.0, 32.7, 1.7, 1.5, nan, nan, nan, nan, 3620.0, 584.0 ms
201123_094813.462141, 1.0, 1.0, 1.0, 1.0, 1.0, 1.0, 1.0, 72.2, 0.0, 23.0, 193.0, 0.0, 100.0, 0.0, 8.0, 1.0, 1.0, 1.0, 1.0, 1.0, 1.0, 1.0, 1.0, 1.0, 1.0, 1.0, 1.0, 251.0, 6.0, 0.0, 0.0, 50.0, 50.0, 53.0, 41.0, 25.0, 26.0, 36.0, 33.2, 35.7, 33.9, 35.0, 32.7, 1.7, 1.5, nan, nan, nan, nan, 3610.0, 528.8 ms
201123_094814.526479, 1.0, 1.0, 1.0, 1.0, 1.0, 1.0, 1.0, 72.8, 0.0, 23.0, 193.0, 0.0, 100.0, 0.0, 8.0, 1.0, 1.0, 1.0, 1.0, 1.0, 1.0, 1.0, 1.0, 1.0, 1.0, 1.0, 1.0, 251.0, 6.0, 0.0, 0.0, 50.0, 49.0, 51.0, 38.0, 25.0, 26.0, 36.0, 33.0, 35.7, 33.7, 35.0, 32.7, 1.7, 1.5, nan, nan, nan, nan, 3640.0, 578.1 ms
201123_094815.483427, 1.0, 1.0, 1.0, 1.0, 1.0, 1.0, 1.0, 72.8, 0.0, 23.0, 193.0, 0.0, 100.0, 0.0, 8.0, 1.0, 1.0, 1.0, 1.0, 1.0, 1.0, 1.0, 1.0, 1.0, 1.0, 1.0, 1.0, 251.0, 6.0, 0.0, 0.0, 50.0, 50.0, 51.0, 43.0, 25.0, 26.0, 36.0, 33.0, 35.7, 33.7, 35.0, 32.7, 1.7, 1.5, nan, nan, nan, nan, 3640.0, 533.7 ms
201123_094816.549307, 1.0, 1.0, 1.0, 1.0, 1.0, 1.0, 1.0, 72.2, 0.0, 23.0, 193.0, 0.0, 100.0, 0.0, 8.0, 1.0, 1.0, 1.0, 1.0, 1.0, 1.0, 1.0, 1.0, 1.0, 1.0, 1.0, 1.0, 251.0, 6.0, 0.0, 0.0, 50.0, 50.0, 53.0, 42.0, 25.0, 26.0, 36.0, 33.0, 35.7, 33.9, 35.2, 32.7, 1.7, 1.5, nan, nan, nan, nan, 3610.0, 594.5 ms
201123_094817.509666, 1.0, 1.0, 1.0, 1.0, 1.0, 1.0, 1.0, 72.4, 0.0, 23.0, 193.0, 0.0, 100.0, 0.0, 8.0, 1.0, 1.0, 1.0, 1.0, 1.0, 1.0, 1.0, 1.0, 1.0, 1.0, 1.0, 1.0, 251.0, 6.0, 0.0, 0.0, 50.0, 50.0, 51.0, 42.0, 25.0, 26.0, 36.0, 33.0, 35.7, 33.7, 35.0, 32.7, 1.7, 1.5, nan, nan, nan, nan, 3620.0, 539.4 ms
201123_094818.575474, 1.0, 1.0, 1.0, 1.0, 1.0, 1.0, 1.0, 72.2, 0.0, 23.0, 193.0, 0.0, 100.0, 0.0, 8.0, 1.0, 1.0, 1.0, 1.0, 1.0, 1.0, 1.0, 1.0, 1.0, 1.0, 1.0, 1.0, 251.0, 6.0, 0.0, 0.0, 50.0, 50.0, 51.0, 42.0, 25.0, 26.0, 36.0, 33.0, 35.7, 33.7, 35.2, 32.7, 1.7, 1.5, nan, nan, nan, nan, 3610.0, 597.0 ms
201123_094819.535414, 1.0, 1.0, 1.0, 1.0, 1.0, 1.0, 1.0, 72.4, 0.0, 23.0, 193.0, 0.0, 100.0, 0.0, 8.0, 1.0, 1.0, 1.0, 1.0, 1.0, 1.0, 1.0, 1.0, 1.0, 1.0, 1.0, 1.0, 251.0, 6.0, 0.0, 0.0, 50.0, 50.0, 52.0, 42.0, 25.0, 26.0, 36.0, 33.0, 35.7, 33.7, 35.2, 32.7, 1.7, 1.5, nan, nan, nan, nan, 3620.0, 539.6 ms
201123_094820.601190, 1.0, 1.0, 1.0, 1.0, 1.0, 1.0, 1.0, 72.2, 0.0, 23.0, 193.0, 0.0, 100.0, 0.0, 8.0, 1.0, 1.0, 1.0, 1.0, 1.0, 1.0, 1.0, 1.0, 1.0, 1.0, 1.0, 1.0, 251.0, 6.0, 0.0, 0.0, 50.0, 49.0, 52.0, 42.0, 25.0, 26.0, 36.0, 33.0, 35.7, 33.7, 35.2, 32.7, 1.7, 1.5, nan, nan, nan, nan, 3610.0, 600.4 ms
201123_094821.574229, 1.0, 1.0, 1.0, 1.0, 1.0, 1.0, 1.0, 72.4, 0.0, 23.0, 193.0, 0.0, 100.0, 0.0, 8.0, 1.0, 1.0, 1.0, 1.0, 1.0, 1.0, 1.0, 1.0, 1.0, 1.0, 1.0, 1.0, 251.0, 6.0, 0.0, 0.0, 50.0, 50.0, 52.0, 42.0, 25.0, 26.0, 36.0, 33.2, 35.7, 33.9, 35.2, 32.7, 1.7, 1.5, nan, nan, nan, nan, 3620.0, 589.1 ms
201123_094822.626411, 1.0, 1.0, 1.0, 1.0, 1.0, 1.0, 1.0, 72.2, 0.0, 23.0, 193.0, 0.0, 100.0, 0.0, 8.0, 1.0, 1.0, 1.0, 1.0, 1.0, 1.0, 1.0, 1.0, 1.0, 1.0, 1.0, 1.0, 251.0, 6.0, 0.0, 0.0, 50.0, 50.0, 51.0, 42.0, 25.0, 26.0, 36.0, 33.0, 35.7, 33.7, 35.2, 32.7, 1.7, 1.5, nan, nan, nan, nan, 3610.0, 609.4 ms
201123_094823.585242, 1.0, 1.0, 1.0, 1.0, 1.0, 1.0, 1.0, 72.2, 0.0, 23.0, 193.0, 0.0, 100.0, 0.0, 8.0, 1.0, 1.0, 1.0, 1.0, 1.0, 1.0, 1.0, 1.0, 1.0, 1.0, 1.0, 1.0, 251.0, 6.0, 0.0, 0.0, 50.0, 50.0, 52.0, 42.0, 25.0, 26.0, 36.0, 33.2, 35.7, 33.9, 35.2, 32.7, 1.7, 1.5, nan, nan, nan, nan, 3610.0, 567.5 ms
201123_094824.733842, 1.0, 1.0, 1.0, 1.0, 1.0, 1.0, 1.0, 72.6, 0.0, 23.0, 193.0, 0.0, 100.0, 0.0, 8.0, 1.0, 1.0, 1.0, 1.0, 1.0, 1.0, 1.0, 1.0, 1.0, 1.0, 1.0, 1.0, 251.0, 6.0, 0.0, 0.0, 49.0, 50.0, 52.0, 42.0, 25.0, 26.0, 36.0, 33.2, 35.7, 33.9, 35.2, 32.7, 1.7, 1.5, nan, nan, nan, nan, 3630.0, 698.8 ms
201123_094825.693810, 1.0, 1.0, 1.0, 1.0, 1.0, 1.0, 1.0, 72.4, 0.0, 23.0, 193.0, 0.0, 100.0, 0.0, 8.0, 1.0, 1.0, 1.0, 1.0, 1.0, 1.0, 1.0, 1.0, 1.0, 1.0, 1.0, 1.0, 251.0, 6.0, 0.0, 0.0, 50.0, 50.0, 51.0, 42.0, 25.0, 26.0, 36.0, 33.2, 35.7, 33.9, 35.2, 32.7, 1.7, 1.5, nan, nan, nan, nan, 3620.0, 657.5 ms
201123_094826.573150, 1.0, 1.0, 1.0, 1.0, 1.0, 1.0, 1.0, 72.0, 0.0, 23.0, 193.0, 0.0, 100.0, 0.0, 8.0, 1.0, 1.0, 1.0, 1.0, 1.0, 1.0, 1.0, 1.0, 1.0, 1.0, 1.0, 1.0, 251.0, 6.0, 0.0, 0.0, 50.0, 50.0, 51.0, 43.0, 25.0, 26.0, 36.0, 33.2, 35.7, 33.9, 35.2, 32.7, 1.7, 1.5, nan, nan, nan, nan, 3600.0, 525.4 ms
201123_094827.639359, 1.0, 1.0, 1.0, 1.0, 1.0, 1.0, 1.0, 72.4, 0.0, 23.0, 193.0, 0.0, 100.0, 0.0, 8.0, 1.0, 1.0, 1.0, 1.0, 1.0, 1.0, 1.0, 1.0, 1.0, 1.0, 1.0, 1.0, 252.0, 6.0, 0.0, 0.0, 50.0, 50.0, 49.0, 42.0, 25.0, 26.0, 36.0, 33.2, 35.7, 33.9, 35.2, 32.7, 1.7, 1.5, nan, nan, nan, nan, 3620.0, 589.4 ms
201123_094828.704724, 1.0, 1.0, 1.0, 1.0, 1.0, 1.0, 1.0, 72.4, 0.0, 23.0, 193.0, 0.0, 100.0, 0.0, 8.0, 1.0, 1.0, 1.0, 1.0, 1.0, 1.0, 1.0, 1.0, 1.0, 1.0, 1.0, 1.0, 251.0, 6.0, 0.0, 0.0, 50.0, 50.0, 52.0, 42.0, 25.0, 26.0, 36.0, 33.0, 35.7, 33.7, 35.2, 32.7, 1.7, 1.5, nan, nan, nan, nan, 3620.0, 649.0 ms
